{
  "version": 1,
  "author": "Marilyn Judith",
  "editor": "wokwi",
  "parts": [
    { "type": "wokwi-breadboard", "id": "bb1", "top": 73.8, "left": -102.8, "attrs": {} },
    { "type": "wokwi-arduino-uno", "id": "uno", "top": -153, "left": 76.2, "attrs": {} },
    {
      "type": "wokwi-buzzer",
      "id": "bz1",
      "top": 230.4,
      "left": -9.6,
      "rotate": 180,
      "attrs": { "volume": "0.1" }
    },
    {
      "type": "wokwi-buzzer",
      "id": "bz2",
      "top": 230.4,
      "left": 432,
      "rotate": 180,
      "attrs": { "volume": "0.1" }
    },
    {
      "type": "wokwi-buzzer",
      "id": "bz3",
      "top": 230.4,
      "left": 345.6,
      "rotate": 180,
      "attrs": { "volume": "0.1" }
    },
    {
      "type": "wokwi-buzzer",
      "id": "bz4",
      "top": 230.4,
      "left": 259.2,
      "rotate": 180,
      "attrs": { "volume": "0.1" }
    },
    {
      "type": "wokwi-buzzer",
      "id": "bz5",
      "top": 230.4,
      "left": 172.8,
      "rotate": 180,
      "attrs": { "volume": "0.1" }
    },
    {
      "type": "wokwi-buzzer",
      "id": "bz6",
      "top": 230.4,
      "left": 76.8,
      "rotate": 180,
      "attrs": { "volume": "0.1" }
    },
    {
      "type": "wokwi-buzzer",
      "id": "bz7",
      "top": 230.4,
      "left": -96,
      "rotate": 180,
      "attrs": { "volume": "0.1" }
    },
    {
      "type": "wokwi-led",
      "id": "led2",
      "top": 203.2,
      "left": 455.4,
      "rotate": 180,
      "attrs": { "color": "magenta" }
    },
    {
      "type": "wokwi-led",
      "id": "led3",
      "top": 203.2,
      "left": 369,
      "rotate": 180,
      "attrs": { "color": "limegreen" }
    },
    {
      "type": "wokwi-led",
      "id": "led4",
      "top": 203.2,
      "left": 282.6,
      "rotate": 180,
      "attrs": { "color": "blue" }
    },
    {
      "type": "wokwi-led",
      "id": "led5",
      "top": 203.2,
      "left": 196.2,
      "rotate": 180,
      "attrs": { "color": "cyan" }
    },
    {
      "type": "wokwi-led",
      "id": "led6",
      "top": 203.2,
      "left": 100.2,
      "rotate": 180,
      "attrs": { "color": "yellow" }
    },
    {
      "type": "wokwi-led",
      "id": "led7",
      "top": 203.2,
      "left": 13.8,
      "rotate": 180,
      "attrs": { "color": "orange" }
    },
    {
      "type": "wokwi-led",
      "id": "led8",
      "top": 203.2,
      "left": -72.6,
      "rotate": 180,
      "attrs": { "color": "red" }
    },
    {
      "type": "wokwi-pir-motion-sensor",
      "id": "pir1",
      "top": 355.2,
      "left": -141.22,
      "rotate": 180,
      "attrs": {}
    },
    {
      "type": "wokwi-pir-motion-sensor",
      "id": "pir2",
      "top": 355.2,
      "left": -45.22,
      "rotate": 180,
      "attrs": {}
    },
    {
      "type": "wokwi-pir-motion-sensor",
      "id": "pir3",
      "top": 355.2,
      "left": 60.38,
      "rotate": 180,
      "attrs": {}
    },
    {
      "type": "wokwi-pir-motion-sensor",
      "id": "pir4",
      "top": 355.2,
      "left": 165.98,
      "rotate": 180,
      "attrs": {}
    },
    {
      "type": "wokwi-pir-motion-sensor",
      "id": "pir5",
      "top": 355.2,
      "left": 271.58,
      "rotate": 180,
      "attrs": {}
    },
    {
      "type": "wokwi-pir-motion-sensor",
      "id": "pir6",
      "top": 345.6,
      "left": 377.18,
      "rotate": 180,
      "attrs": {}
    },
    {
      "type": "wokwi-pir-motion-sensor",
      "id": "pir7",
      "top": 345.6,
      "left": 482.78,
      "rotate": 180,
      "attrs": {}
    },
    {
      "type": "wokwi-lcd1602",
      "id": "lcd1",
      "top": 25.6,
      "left": 514.4,
      "attrs": { "pins": "i2c" }
    }
  ],
  "connections": [
    [ "uno:GND.2", "bb1:tn.28", "black", [ "v0" ] ],
    [ "uno:5V", "bb1:tp.27", "red", [ "v0" ] ],
    [ "pir1:GND", "bb1:tn.1", "black", [ "v0" ] ],
    [ "pir2:GND", "bb1:tn.6", "black", [ "v0" ] ],
    [ "pir3:GND", "bb1:tn.15", "black", [ "v0" ] ],
    [ "pir4:GND", "bb1:tn.24", "black", [ "v0" ] ],
    [ "pir5:GND", "bb1:tn.33", "black", [ "v0" ] ],
    [ "pir6:GND", "bb1:tn.42", "black", [ "v0" ] ],
    [ "pir7:GND", "bb1:tn.50", "black", [ "v0" ] ],
    [ "pir1:VCC", "bb1:tp.1", "red", [ "v0" ] ],
    [ "pir2:VCC", "bb1:tp.8", "red", [ "v0" ] ],
    [ "pir3:VCC", "bb1:tp.16", "red", [ "v0" ] ],
    [ "pir4:VCC", "bb1:tp.25", "red", [ "v0" ] ],
    [ "pir5:VCC", "bb1:tp.35", "red", [ "v0" ] ],
    [ "pir6:VCC", "bb1:tp.42", "red", [ "v0" ] ],
    [ "pir7:VCC", "bb1:tp.49", "red", [ "v0" ] ],
    [ "led8:C", "bb1:tn.2", "green", [ "v0" ] ],
    [ "led7:C", "bb1:tn.9", "green", [ "v0" ] ],
    [ "led6:C", "bb1:tn.16", "green", [ "v0" ] ],
    [ "led3:C", "bb1:tn.39", "green", [ "v0" ] ],
    [ "led2:C", "bb1:tn.47", "green", [ "v0" ] ],
    [ "pir1:OUT", "uno:2", "green", [ "v-537.6", "h412.94" ] ],
    [ "bb1:3b.g", "uno:3", "green", [ "v-393.6", "h355.2" ] ],
    [ "pir2:OUT", "uno:4", "green", [ "v-537.6", "h288.14" ] ],
    [ "bb1:12b.g", "uno:5", "green", [ "v-393.6", "h249.6" ] ],
    [ "pir3:OUT", "uno:6", "green", [ "v-537.6", "h163.34" ] ],
    [ "bb1:21b.g", "uno:7", "green", [ "v-393.6", "h144" ] ],
    [ "pir6:OUT", "uno:12", "green", [ "v-518.4", "h-220.66" ] ],
    [ "bb1:49b.g", "uno:13", "green", [ "v-374.4", "h-182.4" ] ],
    [ "bb1:32b.g", "bb1:tn.25", "green", [ "v0" ] ],
    [ "bb1:41b.g", "bb1:tn.32", "green", [ "v0" ] ],
    [ "pir4:OUT", "uno:8", "green", [ "v-422.4", "h9.74" ] ],
    [ "bb1:31b.g", "uno:9", "green", [ "v-288", "h28.8" ] ],
    [ "bb1:40b.g", "uno:11", "green", [ "v-307.2", "h-76.8" ] ],
    [ "pir5:OUT", "uno:10", "green", [ "v-451.2", "h-86.26" ] ],
    [ "pir7:OUT", "uno:A3", "green", [ "v0" ] ],
    [ "bb1:58b.f", "uno:A2", "green", [ "v0" ] ],
    [ "lcd1:GND", "uno:GND.1", "black", [ "h0" ] ],
    [ "lcd1:VCC", "bb1:tp.30", "red", [ "h0" ] ],
    [ "lcd1:SCL", "uno:A5", "green", [ "h0" ] ],
    [ "lcd1:SDA", "uno:A4", "green", [ "h0" ] ],
    [ "bz1:1", "bb1:13b.j", "", [ "$bb" ] ],
    [ "bz1:2", "bb1:12b.j", "", [ "$bb" ] ],
    [ "bz2:1", "bb1:59b.j", "", [ "$bb" ] ],
    [ "bz2:2", "bb1:58b.j", "", [ "$bb" ] ],
    [ "bz3:1", "bb1:50b.j", "", [ "$bb" ] ],
    [ "bz3:2", "bb1:49b.j", "", [ "$bb" ] ],
    [ "bz4:1", "bb1:41b.j", "", [ "$bb" ] ],
    [ "bz4:2", "bb1:40b.j", "", [ "$bb" ] ],
    [ "bz5:1", "bb1:32b.j", "", [ "$bb" ] ],
    [ "bz5:2", "bb1:31b.j", "", [ "$bb" ] ],
    [ "bz6:1", "bb1:22b.j", "", [ "$bb" ] ],
    [ "bz6:2", "bb1:21b.j", "", [ "$bb" ] ],
    [ "bz7:1", "bb1:4b.j", "", [ "$bb" ] ],
    [ "bz7:2", "bb1:3b.j", "", [ "$bb" ] ],
    [ "led2:A", "bb1:58b.h", "", [ "$bb" ] ],
    [ "led2:C", "bb1:59b.h", "", [ "$bb" ] ],
    [ "led3:A", "bb1:49b.h", "", [ "$bb" ] ],
    [ "led3:C", "bb1:50b.h", "", [ "$bb" ] ],
    [ "led4:A", "bb1:40b.h", "", [ "$bb" ] ],
    [ "led4:C", "bb1:41b.h", "", [ "$bb" ] ],
    [ "led5:A", "bb1:31b.h", "", [ "$bb" ] ],
    [ "led5:C", "bb1:32b.h", "", [ "$bb" ] ],
    [ "led6:A", "bb1:21b.h", "", [ "$bb" ] ],
    [ "led6:C", "bb1:22b.h", "", [ "$bb" ] ],
    [ "led7:A", "bb1:12b.h", "", [ "$bb" ] ],
    [ "led7:C", "bb1:13b.h", "", [ "$bb" ] ],
    [ "led8:A", "bb1:3b.h", "", [ "$bb" ] ],
    [ "led8:C", "bb1:4b.h", "", [ "$bb" ] ]
  ],
  "dependencies": {}
}